,premise,hypothesis,label,llm_label,rationale,input
0,Seven people are wading in a natural pool.,Seven people are wading in a pool as the eighth watches from the shore.,neutral,neutral,The eighth person is not necessarily watching from the shore.,Seven people are wading in a natural pool.</s>Seven people are wading in a pool as the eighth watches from the shore.
1,Seven people are wading in a natural pool.,there were five people,contradiction,contradiction,"There were seven people, not five.",Seven people are wading in a natural pool.</s>there were five people
2,Seven people are wading in a natural pool.,There are people in a pool.,entailment,entailment,A natural pool is a pool.,Seven people are wading in a natural pool.</s>There are people in a pool.
3,Seven people are wading in a natural pool.,Seven people have wet feet.,entailment,entailment,"If you're wading in a natural pool, you're going to have wet feet.",Seven people are wading in a natural pool.</s>Seven people have wet feet.
4,Seven people are wading in a natural pool.,they have waders on,neutral,contradiction,"they are in a natural pool, so they are not wearing waders.",Seven people are wading in a natural pool.</s>they have waders on
5,Seven people are wading in a natural pool.,The pool is clear,neutral,neutral,The pool is not necessarily clear.,Seven people are wading in a natural pool.</s>The pool is clear
6,Seven people are wading in a natural pool.,Seven people are up to their ankles in water.,neutral,entailment,Wading means to walk through water or mud.,Seven people are wading in a natural pool.</s>Seven people are up to their ankles in water.
7,Three girlfriends are sitting in a darkened theater.,Three girlfriends watching a movie.,neutral,entailment,"The girlfriends are sitting in a darkened theater, so they are watching a movie.",Three girlfriends are sitting in a darkened theater.</s>Three girlfriends watching a movie.
8,Three girlfriends are sitting in a darkened theater.,Three girls taking the bus.,contradiction,neutral,The girls in the theater are not necessarily taking the bus.,Three girlfriends are sitting in a darkened theater.</s>Three girls taking the bus.
9,Three girlfriends are sitting in a darkened theater.,Three girls sitting in a theater.,entailment,entailment,"The girls are girlfriends, so they are girls.",Three girlfriends are sitting in a darkened theater.</s>Three girls sitting in a theater.
10,A tall man stirring a pot of food on a stove.,A tall man stirring a pot of pasta sauce on a stove.,neutral,neutral,The pot of food could be anything.,A tall man stirring a pot of food on a stove.</s>A tall man stirring a pot of pasta sauce on a stove.
11,A tall man stirring a pot of food on a stove.,A tall man cooking at a stove.,entailment,entailment,Stirring a pot of food is cooking.,A tall man stirring a pot of food on a stove.</s>A tall man cooking at a stove.
12,A tall man stirring a pot of food on a stove.,A short woman sweeping a kitchen.,contradiction, ,The man is not short and the woman is not tall. The man is not sweeping and the woman is not stirring. The man is not in the kitchen and,A tall man stirring a pot of food on a stove.</s>A short woman sweeping a kitchen.
13,A businessman is talking on his cellphone while smoking a cigarette at an intersection under construction.,A man in a suit is talking to a construction worker while holding his phone in his hand.,contradiction,entailment,A businessman is a man in a suit. A cellphone is a phone.,A businessman is talking on his cellphone while smoking a cigarette at an intersection under construction.</s>A man in a suit is talking to a construction worker while holding his phone in his hand.
14,A businessman is talking on his cellphone while smoking a cigarette at an intersection under construction.,A man is having a conversation on his phone while trying to ignore the sounds of construction,neutral,entailment,A businessman is a man. A cellphone is a phone.,A businessman is talking on his cellphone while smoking a cigarette at an intersection under construction.</s>A man is having a conversation on his phone while trying to ignore the sounds of construction
15,A businessman is talking on his cellphone while smoking a cigarette at an intersection under construction.,A man is smoking while talking into his phone.,entailment,entailment,A businessman is a man.,A businessman is talking on his cellphone while smoking a cigarette at an intersection under construction.</s>A man is smoking while talking into his phone.
16,An elderly woman sits on a park bench under the shade of a tree.,A man sits on a cardboard box under the shade.,contradiction,contradiction,The elderly woman is not a man.,An elderly woman sits on a park bench under the shade of a tree.</s>A man sits on a cardboard box under the shade.
17,An elderly woman sits on a park bench under the shade of a tree.,A woman sits on a park bench under the shade.,entailment,entailment,Elderly woman is a woman.,An elderly woman sits on a park bench under the shade of a tree.</s>A woman sits on a park bench under the shade.
18,An elderly woman sits on a park bench under the shade of a tree.,A woman is preparing to have lunch in the shade.,neutral,neutral,The woman is not necessarily preparing to have lunch.,An elderly woman sits on a park bench under the shade of a tree.</s>A woman is preparing to have lunch in the shade.
19,"people lounge in a man made pool, next to a river",people are lounging,entailment,entailment,lounging is a verb that means to relax.,"people lounge in a man made pool, next to a river</s>people are lounging"
20,"people lounge in a man made pool, next to a river",people are in a natural pool,contradiction,contradiction,"the pool is man made, not natural","people lounge in a man made pool, next to a river</s>people are in a natural pool"
21,"people lounge in a man made pool, next to a river",people are having fun,neutral,entailment,"people are in a pool, which is a place where people have fun.","people lounge in a man made pool, next to a river</s>people are having fun"
22,There are people in swimming pool next to a river.,People are swimming in the river.,contradiction,neutral,People in a swimming pool are not necessarily swimming in the river.,There are people in swimming pool next to a river.</s>People are swimming in the river.
23,There are people in swimming pool next to a river.,People are swimming.,entailment,entailment,People in a swimming pool are swimming.,There are people in swimming pool next to a river.</s>People are swimming.
24,There are people in swimming pool next to a river.,People enjoy swimming in the clean pool rather than the river.,neutral,neutral,The river is not necessarily dirty.,There are people in swimming pool next to a river.</s>People enjoy swimming in the clean pool rather than the river.
25,A group of cats sit in the grass.,A family of cats sit in the grass.,neutral,entailment,A group of cats can be a family of cats.,A group of cats sit in the grass.</s>A family of cats sit in the grass.
26,A group of cats sit in the grass.,Cats sit in the grass.,entailment,entailment,A group of cats is a type of cats.,A group of cats sit in the grass.</s>Cats sit in the grass.
27,A group of cats sit in the grass.,A dog sleeps in the grass.,contradiction,neutral,The cats are not necessarily in the same grass as the dog.,A group of cats sit in the grass.</s>A dog sleeps in the grass.
28,Two football players run into each other.,Two football players collide.,entailment,entailment,Running into each other is a way to say collide.,Two football players run into each other.</s>Two football players collide.
29,Two football players run into each other.,Two football players are eating breakfast in a hotel.,contradiction,neutral,The football players are not necessarily eating breakfast in a hotel.,Two football players run into each other.</s>Two football players are eating breakfast in a hotel.
30,Two football players run into each other.,Two football players fail to avoid running into each other.,neutral,neutral,The two football players could have been running into each other on purpose.,Two football players run into each other.</s>Two football players fail to avoid running into each other.
31,A football player in a full stadium jumping and recieving a football.,The football player is off the ground.,entailment,entailment,"The football player is jumping, so he is off the ground.",A football player in a full stadium jumping and recieving a football.</s>The football player is off the ground.
32,A football player in a full stadium jumping and recieving a football.,The football player is sitting on the bench.,contradiction,contradiction,The football player is jumping and receiving a football.,A football player in a full stadium jumping and recieving a football.</s>The football player is sitting on the bench.
33,A football player in a full stadium jumping and recieving a football.,The football player is about to score a touchdown.,neutral,entailment,The football player is jumping and receiving a football.,A football player in a full stadium jumping and recieving a football.</s>The football player is about to score a touchdown.
34,"A person walks among large, white geometric shaped architecture.",A person is sleeping.,contradiction,contradiction,"The person is walking, not sleeping.","A person walks among large, white geometric shaped architecture.</s>A person is sleeping."
35,"A person walks among large, white geometric shaped architecture.",A person is walking.,entailment,entailment,"The person is walking among large, white geometric shaped architecture.","A person walks among large, white geometric shaped architecture.</s>A person is walking."
36,"A person walks among large, white geometric shaped architecture.",A person is next to an object,neutral,neutral,The person is not necessarily next to the object.,"A person walks among large, white geometric shaped architecture.</s>A person is next to an object"
37,Two men vie for a football.,The men are sleeping.,contradiction,contradiction,"If the men are sleeping, they cannot be vying for a football.",Two men vie for a football.</s>The men are sleeping.
38,Two men vie for a football.,The men view for football,entailment,neutral,vie and view are homophones.,Two men vie for a football.</s>The men view for football
39,Two men vie for a football.,The men love football,neutral,entailment,"The men are fighting for the football, so they must love it.",Two men vie for a football.</s>The men love football
40,Two people hiking on a mountain.,Two people meet while hiking.,neutral,entailment,"The two people are hiking on a mountain, so they are hiking.",Two people hiking on a mountain.</s>Two people meet while hiking.
41,Two people hiking on a mountain.,The hikers are lost.,contradiction,neutral,The hikers are not necessarily lost.,Two people hiking on a mountain.</s>The hikers are lost.
42,Two people hiking on a mountain.,Two hikers are on a mountain.,entailment,entailment,Hikers are people who hike.,Two people hiking on a mountain.</s>Two hikers are on a mountain.
43,A man in face mask working on a machine.,the man is dancing.,contradiction,contradiction,The man is not dancing.,A man in face mask working on a machine.</s>the man is dancing.
44,A man in face mask working on a machine.,the man is a contractor.,neutral,neutral,The man is wearing a face mask and working on a machine.,A man in face mask working on a machine.</s>the man is a contractor.
45,A man in face mask working on a machine.,the man is working.,entailment,entailment,the man is working on a machine.,A man in face mask working on a machine.</s>the man is working.
46,"Two boys at play at a fun center, there are two women in the background laughing.",women in the background are laughing,entailment,entailment,"The women are in the background, so they are not the main focus of the picture.","Two boys at play at a fun center, there are two women in the background laughing.</s>women in the background are laughing"
47,"Two boys at play at a fun center, there are two women in the background laughing.",women in the background are not laughing,contradiction,contradiction,The women in the background are laughing.,"Two boys at play at a fun center, there are two women in the background laughing.</s>women in the background are not laughing"
48,"Two boys at play at a fun center, there are two women in the background laughing.",women in the background are happily laughing,neutral,neutral,"The women are laughing, but it is not clear if they are happy or not.","Two boys at play at a fun center, there are two women in the background laughing.</s>women in the background are happily laughing"
49,A toddler drinking from a cup in a toy car.,The toddler is driving a full-sized vehicle while drinking,contradiction,contradiction,The toddler is not driving a full-sized vehicle.,A toddler drinking from a cup in a toy car.</s>The toddler is driving a full-sized vehicle while drinking
50,A toddler drinking from a cup in a toy car.,The toddler is being pushed by their parents as they drink out of a cup,neutral,neutral,The toddler is not necessarily being pushed by their parents.,A toddler drinking from a cup in a toy car.</s>The toddler is being pushed by their parents as they drink out of a cup
51,A toddler drinking from a cup in a toy car.,A toddler is drinking from a cup in a toy car,entailment,entailment,The toddler is drinking from a cup in a toy car.,A toddler drinking from a cup in a toy car.</s>A toddler is drinking from a cup in a toy car
52,A man wears an interesting blue wig in public,A person is wearing a fake hairpiece.,entailment,entailment,A wig is a fake hairpiece.,A man wears an interesting blue wig in public</s>A person is wearing a fake hairpiece.
53,A man wears an interesting blue wig in public,A man is wearing a wig so he can spy on his wife whom he suspects of cheating on him.,neutral,neutral,"The man is wearing a wig in public, but the reason for wearing the wig is not stated.",A man wears an interesting blue wig in public</s>A man is wearing a wig so he can spy on his wife whom he suspects of cheating on him.
54,A man wears an interesting blue wig in public,A man is getting his hair cut at the local barber.,contradiction,contradiction,"The man is wearing a wig, so he is not getting his hair cut.",A man wears an interesting blue wig in public</s>A man is getting his hair cut at the local barber.
55,A girl is wearing a blue wig under a brown hooded jacket.,A girl attempts to hide her blue wig under a brown hooded jacket.,neutral,entailment,The girl is wearing a blue wig under a brown hooded jacket.,A girl is wearing a blue wig under a brown hooded jacket.</s>A girl attempts to hide her blue wig under a brown hooded jacket.
56,A girl is wearing a blue wig under a brown hooded jacket.,A girl's blue wig is visible under her brown-hooded jacket.,entailment,entailment,The blue wig is visible under the brown hooded jacket.,A girl is wearing a blue wig under a brown hooded jacket.</s>A girl's blue wig is visible under her brown-hooded jacket.
57,A girl is wearing a blue wig under a brown hooded jacket.,"An alien, attempting to conceal it's inhuman hair color, scurries to cover under a jacket.",contradiction,neutral,"The girl is wearing a wig, so it's possible that she's an alien.","A girl is wearing a blue wig under a brown hooded jacket.</s>An alien, attempting to conceal it's inhuman hair color, scurries to cover under a jacket."
58,"One person in a crowd of people, wearing a blue wig",It is hard to tell what color the person's real hair is under that blue wig.,entailment,"entailment

Pre","The person is wearing a blue wig, so it is hard to tell what color the person's real hair is.","One person in a crowd of people, wearing a blue wig</s>It is hard to tell what color the person's real hair is under that blue wig."
59,"One person in a crowd of people, wearing a blue wig",Every single person in the all-female crowd has bleached blond hair.,contradiction,contradiction,The person with the blue wig is not necessarily a female.,"One person in a crowd of people, wearing a blue wig</s>Every single person in the all-female crowd has bleached blond hair."
60,"One person in a crowd of people, wearing a blue wig",The person in the middle of the crowd was hired to be a clown and entertain for the afternoon.,neutral,entailment,The person in the middle of the crowd is wearing a blue wig.,"One person in a crowd of people, wearing a blue wig</s>The person in the middle of the crowd was hired to be a clown and entertain for the afternoon."
61,Man with brown coat and sunglasses wears a blue wig and ball cap.,A tall human with a wig,neutral,neutral,The man is not necessarily tall.,Man with brown coat and sunglasses wears a blue wig and ball cap.</s>A tall human with a wig
62,Man with brown coat and sunglasses wears a blue wig and ball cap.,A human with a wig,entailment,entailment,A man is a human.,Man with brown coat and sunglasses wears a blue wig and ball cap.</s>A human with a wig
63,Man with brown coat and sunglasses wears a blue wig and ball cap.,Nobody has a wig,contradiction,contradiction,The man with the brown coat and sunglasses is wearing a wig.,Man with brown coat and sunglasses wears a blue wig and ball cap.</s>Nobody has a wig
64,The pilot looking out of a British Airways airplane while two men are standing outside.,The pilot is in a plane,entailment,entailment,The pilot is in a plane because he is looking out of a British Airways airplane.,The pilot looking out of a British Airways airplane while two men are standing outside.</s>The pilot is in a plane
65,The pilot looking out of a British Airways airplane while two men are standing outside.,The pilot is waiting to take off,neutral,entailment,"The pilot is looking out of the airplane, which means he is not flying yet.",The pilot looking out of a British Airways airplane while two men are standing outside.</s>The pilot is waiting to take off
66,The pilot looking out of a British Airways airplane while two men are standing outside.,The plane is over the ocean,contradiction,entailment,The plane is over the ocean because the pilot is looking out of the plane.,The pilot looking out of a British Airways airplane while two men are standing outside.</s>The plane is over the ocean
67,A man with a motorcycle helmet lounges in the sun next to a body of water.,the pigs eat cheese,contradiction,neutral,The man with a motorcycle helmet is not a pig.,A man with a motorcycle helmet lounges in the sun next to a body of water.</s>the pigs eat cheese
68,A man with a motorcycle helmet lounges in the sun next to a body of water.,a guy with a helmet is in the sun,entailment,entailment,A guy is a man. A motorcycle helmet is a helmet.,A man with a motorcycle helmet lounges in the sun next to a body of water.</s>a guy with a helmet is in the sun
69,A man with a motorcycle helmet lounges in the sun next to a body of water.,a guy with a helmet is in the sun on his birthday,neutral,neutral,"The man could be in the sun on any day, not just his birthday.",A man with a motorcycle helmet lounges in the sun next to a body of water.</s>a guy with a helmet is in the sun on his birthday
70,A man rests on the terraced steps leading down to the water.,A man sunbathes on steps near the water.,neutral,neutral,"The man is resting, not necessarily sunbathing.",A man rests on the terraced steps leading down to the water.</s>A man sunbathes on steps near the water.
71,A man rests on the terraced steps leading down to the water.,A man bicycles to the water.,contradiction,contradiction,"The man is resting on the steps, not bicycling.",A man rests on the terraced steps leading down to the water.</s>A man bicycles to the water.
72,A man rests on the terraced steps leading down to the water.,A man rests on steps near the water.,entailment,entailment,The terraced steps are steps near the water.,A man rests on the terraced steps leading down to the water.</s>A man rests on steps near the water.
73,A man with a motorcycle helmet rests by the waterfront.,The man is sitting in a boat wearing a baseball cap.,contradiction,contradiction,"The man is not wearing a baseball cap, he is wearing a motorcycle helmet.",A man with a motorcycle helmet rests by the waterfront.</s>The man is sitting in a boat wearing a baseball cap.
74,A man with a motorcycle helmet rests by the waterfront.,A man is wearing a helmet.,entailment,entailment,A motorcycle helmet is a type of helmet.,A man with a motorcycle helmet rests by the waterfront.</s>A man is wearing a helmet.
75,A man with a motorcycle helmet rests by the waterfront.,The man is traveling and decided to take a break.,neutral,neutral,The man could be resting by the waterfront because he lives there.,A man with a motorcycle helmet rests by the waterfront.</s>The man is traveling and decided to take a break.
76,A man sleeps on the beach after removing his helmet.,A man sleeps by his bike.,neutral,contradiction,"The man is sleeping on the beach, not by his bike.",A man sleeps on the beach after removing his helmet.</s>A man sleeps by his bike.
77,A man sleeps on the beach after removing his helmet.,A man sleeps outside.,entailment,entailment,The beach is outside.,A man sleeps on the beach after removing his helmet.</s>A man sleeps outside.
78,A man sleeps on the beach after removing his helmet.,A man sleeps after riding his skateboard.,contradiction,neutral,The man could have been riding a bike or a scooter.,A man sleeps on the beach after removing his helmet.</s>A man sleeps after riding his skateboard.
79,A man is laying in the sand.,A man is laying on the ground,entailment,entailment,Sand is a type of ground.,A man is laying in the sand.</s>A man is laying on the ground
80,A man is laying in the sand.,A man is laying on the beach,neutral,entailment,"The man is laying in the sand, which is on the beach.",A man is laying in the sand.</s>A man is laying on the beach
81,A man is laying in the sand.,A man is jumping in the snow,contradiction,contradiction,"The man is laying in the sand, not jumping in the snow.",A man is laying in the sand.</s>A man is jumping in the snow
82,A musical event in the park.,The park is outside,entailment,entailment,A park is always outside.,A musical event in the park.</s>The park is outside
83,A musical event in the park.,there is music in the park,entailment,entailment,A musical event is an event that has music.,A musical event in the park.</s>there is music in the park
84,A musical event in the park.,The music event is at the firehouse.,contradiction,contradiction,"The music event is in the park, not at the firehouse.",A musical event in the park.</s>The music event is at the firehouse.
85,A person dressed as Batman poses for a picture.,a person is about to take a shower,contradiction,contradiction,The person is not dressed as Batman.,A person dressed as Batman poses for a picture.</s>a person is about to take a shower
86,A person dressed as Batman poses for a picture.,a person is in costume,entailment,entailment,Batman is a costume.,A person dressed as Batman poses for a picture.</s>a person is in costume
87,A person dressed as Batman poses for a picture.,a person is on set of a movie,neutral,neutral,"The person dressed as Batman could be on set of a movie, but it could also be a person dressed as Batman for a party.",A person dressed as Batman poses for a picture.</s>a person is on set of a movie
88,A dog jumping at the beach.,A puppy trying to catch a stick on the beach.,neutral,neutral,A dog jumping at the beach is not necessarily a puppy.,A dog jumping at the beach.</s>A puppy trying to catch a stick on the beach.
89,A dog jumping at the beach.,An animal on sand.,entailment,entailment,A dog is an animal.,A dog jumping at the beach.</s>An animal on sand.
90,A dog jumping at the beach.,People chasing a tiger.,contradiction,contradiction,A dog is not a tiger.,A dog jumping at the beach.</s>People chasing a tiger.
91,Dog on a rock next to water.,A dog is next to the water.,entailment,entailment,"The dog is on a rock, which is next to the water.",Dog on a rock next to water.</s>A dog is next to the water.
92,Dog on a rock next to water.,The dog is jumping in the water.,neutral,contradiction,The dog is not jumping in the water.,Dog on a rock next to water.</s>The dog is jumping in the water.
93,Dog on a rock next to water.,A dog is getting a treat.,contradiction,neutral,The dog is not necessarily getting a treat.,Dog on a rock next to water.</s>A dog is getting a treat.
94,A muddy dog runs next to water.,the boy liked cowboys,neutral,neutral,the boy liked cowboys is not related to the muddy dog running next to water.,A muddy dog runs next to water.</s>the boy liked cowboys
95,A muddy dog runs next to water.,a young boy runs,entailment,neutral,The boy is not necessarily young.,A muddy dog runs next to water.</s>a young boy runs
96,A muddy dog runs next to water.,the child was 18 years old,contradiction,contradiction,the child was 18 years old,A muddy dog runs next to water.</s>the child was 18 years old
97,A furry white dog playing in the sand.,A dog is in some sand.,entailment,entailment,A furry white dog is a dog.,A furry white dog playing in the sand.</s>A dog is in some sand.
98,A furry white dog playing in the sand.,A dog is standing on grass.,contradiction,neutral,The dog is not necessarily standing on grass.,A furry white dog playing in the sand.</s>A dog is standing on grass.
99,A furry white dog playing in the sand.,A small dog is in some sand.,neutral,entailment,A furry white dog is a small dog.,A furry white dog playing in the sand.</s>A small dog is in some sand.
100,There is an oriental man climbing up a mountain.,There is a British man climbing down a mountain.,contradiction,neutral,The oriental man is not necessarily British.,There is an oriental man climbing up a mountain.</s>There is a British man climbing down a mountain.
101,There is an oriental man climbing up a mountain.,There is a local oriental man guiding tourists up a mountain.,neutral,neutral,The man climbing up the mountain is not necessarily a local.,There is an oriental man climbing up a mountain.</s>There is a local oriental man guiding tourists up a mountain.
102,A rock climber grasps a ledge with his chalk covered hand.,A climber scaling an incline.,entailment,entailment,A rock climber is a climber. A ledge is an incline.,A rock climber grasps a ledge with his chalk covered hand.</s>A climber scaling an incline.
103,A rock climber grasps a ledge with his chalk covered hand.,A climber climbing an artificial wall.,neutral,neutral,"The climber is climbing a wall, but it is not necessarily an artificial wall.",A rock climber grasps a ledge with his chalk covered hand.</s>A climber climbing an artificial wall.
104,A rock climber grasps a ledge with his chalk covered hand.,A man sitting inside.,contradiction,contradiction,The man is not sitting inside.,A rock climber grasps a ledge with his chalk covered hand.</s>A man sitting inside.
105,The girl is swimming with only her head above the water.,A girl is snorkeling at the bottom of the ocean.,contradiction,contradiction,"The girl is swimming, not snorkeling.",The girl is swimming with only her head above the water.</s>A girl is snorkeling at the bottom of the ocean.
106,The girl is swimming with only her head above the water.,The girl is getting tired from swimming and only her head is above the water.,neutral,neutral,The girl could be swimming with only her head above the water for a different reason.,The girl is swimming with only her head above the water.</s>The girl is getting tired from swimming and only her head is above the water.
107,The girl is swimming with only her head above the water.,The girl is swimming in the water.,entailment,entailment,The girl is swimming in the water because she is swimming with only her head above the water.,The girl is swimming with only her head above the water.</s>The girl is swimming in the water.
108,A closeup of a shirtless man rock climbing.,The man is standing at the top of the mountain.,contradiction,contradiction,The man is not at the top of the mountain.,A closeup of a shirtless man rock climbing.</s>The man is standing at the top of the mountain.
109,A closeup of a shirtless man rock climbing.,The man without a shirt is rock climbing.,entailment,entailment,The man is shirtless and he is rock climbing.,A closeup of a shirtless man rock climbing.</s>The man without a shirt is rock climbing.
110,A closeup of a shirtless man rock climbing.,A guy is climbing up a cliff.,neutral,entailment,A shirtless man is a guy. Rock climbing is climbing up a cliff.,A closeup of a shirtless man rock climbing.</s>A guy is climbing up a cliff.
111,A red-haired man dancing.,The man is dancing for a crowd.,neutral,neutral,"The man is dancing, but it is not specified that he is dancing for a crowd.",A red-haired man dancing.</s>The man is dancing for a crowd.
112,A red-haired man dancing.,The man is singing.,contradiction,neutral,"The man is dancing, but he is not necessarily singing.",A red-haired man dancing.</s>The man is singing.
113,A red-haired man dancing.,The man is dancing.,entailment,entailment,The man is dancing.,A red-haired man dancing.</s>The man is dancing.
114,This girl is having so much fun on the swing!,THe girl is sleeping.,contradiction,contradiction,"If you're sleeping, you cannot be having fun on the swing.",This girl is having so much fun on the swing!</s>THe girl is sleeping.
115,This girl is having so much fun on the swing!,The girl is having fun,entailment,entailment,"The girl is having fun on the swing, so she is having fun.",This girl is having so much fun on the swing!</s>The girl is having fun
116,This girl is having so much fun on the swing!,THe girl is swinging,neutral,entailment,"The girl is having fun on the swing, so she must be swinging.",This girl is having so much fun on the swing!</s>THe girl is swinging
117,An aging rocker performs on stage in a sleeveless shirt and striped pants.,Man watching his idol on stage,contradiction,neutral,The man is not necessarily watching his idol.,An aging rocker performs on stage in a sleeveless shirt and striped pants.</s>Man watching his idol on stage
118,An aging rocker performs on stage in a sleeveless shirt and striped pants.,Rocker performs as a tribute,neutral,neutral,The rocker could be performing for any reason.,An aging rocker performs on stage in a sleeveless shirt and striped pants.</s>Rocker performs as a tribute
119,An aging rocker performs on stage in a sleeveless shirt and striped pants.,Rocker performing on stage,entailment,entailment,The aging rocker is a rocker.,An aging rocker performs on stage in a sleeveless shirt and striped pants.</s>Rocker performing on stage
120,A man in a pirate costume playing an instrument in a band.,"There is a group of people, maybe a band, with one person dressed as a pirate",neutral,neutral,"The man is dressed as a pirate, but he is not necessarily in a band.","A man in a pirate costume playing an instrument in a band.</s>There is a group of people, maybe a band, with one person dressed as a pirate"
121,A man in a pirate costume playing an instrument in a band.,There is a man dressed in pirate costume playing an instrument.,entailment,entailment,The man is dressed in a pirate costume and is playing an instrument.,A man in a pirate costume playing an instrument in a band.</s>There is a man dressed in pirate costume playing an instrument.
122,A man in a pirate costume playing an instrument in a band.,No pirates here,contradiction,contradiction,The man in the pirate costume is a pirate.,A man in a pirate costume playing an instrument in a band.</s>No pirates here
123,A man with a scarf on performs with his band on stage.,There are no instruments,contradiction,contradiction,"The man is performing with his band, so there must be instruments.",A man with a scarf on performs with his band on stage.</s>There are no instruments
124,A man with a scarf on performs with his band on stage.,The band is famous,neutral,neutral,"The band could be famous, but it is not necessarily famous.",A man with a scarf on performs with his band on stage.</s>The band is famous
125,A man with a scarf on performs with his band on stage.,A man is wearing a scard,entailment,entailment,The man is wearing a scarf.,A man with a scarf on performs with his band on stage.</s>A man is wearing a scard
126,People in pirate outfits are playing in a band.,The band wore themed costumes for their gig at the Halloween party.,neutral,neutral,The band could have worn themed costumes for any other occasion.,People in pirate outfits are playing in a band.</s>The band wore themed costumes for their gig at the Halloween party.
127,People in pirate outfits are playing in a band.,Some people are playing musical instruments.,entailment,entailment,People in pirate outfits are people. People playing in a band are people.,People in pirate outfits are playing in a band.</s>Some people are playing musical instruments.
128,People in pirate outfits are playing in a band.,"The band is dressed in tuxedos, having drinks at the bar.",contradiction,contradiction,"The band is dressed in tuxedos, having drinks at the bar.","People in pirate outfits are playing in a band.</s>The band is dressed in tuxedos, having drinks at the bar."
129,A white dog is running across a grassy field.,A dog is running around a field.,entailment,entailment,A white dog is a dog. A grassy field is a field.,A white dog is running across a grassy field.</s>A dog is running around a field.
130,A white dog is running across a grassy field.,A black dog is walking home.,contradiction, ,"The dog in the first sentence is white, not black. The dog in the first sentence is running, not walking. The dog in the first sentence is in",A white dog is running across a grassy field.</s>A black dog is walking home.
131,A white dog is running across a grassy field.,A dog is running around a field while his owner chases him.,neutral,neutral,The dog could be running around the field without his owner chasing him.,A white dog is running across a grassy field.</s>A dog is running around a field while his owner chases him.
132,The boy is sliding down a metal slide.,A boy is sliding.,entailment,entailment,The boy is sliding down a metal slide.,The boy is sliding down a metal slide.</s>A boy is sliding.
133,The boy is sliding down a metal slide.,A boy is sliding down a slide at the park.,neutral,neutral,The slide is not necessarily at the park.,The boy is sliding down a metal slide.</s>A boy is sliding down a slide at the park.
134,The boy is sliding down a metal slide.,A girl is playing on the see saw.,contradiction,neutral,The boy is not the girl.,The boy is sliding down a metal slide.</s>A girl is playing on the see saw.
135,A girl whose head is sticking out of the water at her mouth.,A girl is swimming in the water.,neutral,neutral,"The girl is in the water, but she is not necessarily swimming.",A girl whose head is sticking out of the water at her mouth.</s>A girl is swimming in the water.
136,A girl whose head is sticking out of the water at her mouth.,The girl walks on the water.,contradiction,contradiction,The girl is not walking on the water.,A girl whose head is sticking out of the water at her mouth.</s>The girl walks on the water.
137,A girl whose head is sticking out of the water at her mouth.,There is a girl in the water.,entailment,entailment,The girl is in the water.,A girl whose head is sticking out of the water at her mouth.</s>There is a girl in the water.
138,A man in a wheelchair and a blond woman play badminton with three youths.,The man and woman are teaching the children the game of badminton.,neutral,entailment,The man and woman are playing badminton with the children.,A man in a wheelchair and a blond woman play badminton with three youths.</s>The man and woman are teaching the children the game of badminton.
139,A man in a wheelchair and a blond woman play badminton with three youths.,The couple and children are running in a marathon.,contradiction,contradiction,The man in the wheelchair cannot run in a marathon.,A man in a wheelchair and a blond woman play badminton with three youths.</s>The couple and children are running in a marathon.
140,A man in a wheelchair and a blond woman play badminton with three youths.,A couple plays with the children.,entailment,neutral,The man and the woman are not necessarily a couple.,A man in a wheelchair and a blond woman play badminton with three youths.</s>A couple plays with the children.
141,A person in a wheelchair plays a netted sport with three players in green shirts while being coached by an older woman off to his left.,The people are eating dinner.,contradiction,contradiction,"The people are playing a sport, not eating dinner.",A person in a wheelchair plays a netted sport with three players in green shirts while being coached by an older woman off to his left.</s>The people are eating dinner.
142,A person in a wheelchair plays a netted sport with three players in green shirts while being coached by an older woman off to his left.,The people are playing basketball.,neutral,neutral,The netted sport is not necessarily basketball.,A person in a wheelchair plays a netted sport with three players in green shirts while being coached by an older woman off to his left.</s>The people are playing basketball.
143,A person in a wheelchair plays a netted sport with three players in green shirts while being coached by an older woman off to his left.,The people are playing a game.,entailment,entailment,The people are playing a game.,A person in a wheelchair plays a netted sport with three players in green shirts while being coached by an older woman off to his left.</s>The people are playing a game.
144,People playing in a gym with a net.,A gym class plays with a net during school.,neutral,neutral,"The people playing in the gym could be playing basketball, volleyball, or badminton.",People playing in a gym with a net.</s>A gym class plays with a net during school.
145,People playing in a gym with a net.,People playing in a gym.,entailment,entailment,The net is not necessary to play in a gym.,People playing in a gym with a net.</s>People playing in a gym.
146,People playing in a gym with a net.,A doctor examining a patient.,contradiction,neutral,The people playing in a gym with a net are not necessarily a doctor examining a patient.,People playing in a gym with a net.</s>A doctor examining a patient.
147,People playing badminton in a gymnasium.,People are in the gym.,neutral,entailment,People playing badminton are people. A gymnasium is a gym.,People playing badminton in a gymnasium.</s>People are in the gym.
148,People playing badminton in a gymnasium.,People are outside playing.,contradiction,neutral,People playing badminton in a gymnasium are not necessarily outside.,People playing badminton in a gymnasium.</s>People are outside playing.
149,People playing badminton in a gymnasium.,People playing badminton in the gym.,entailment,entailment,A gymnasium is a gym.,People playing badminton in a gymnasium.</s>People playing badminton in the gym.
150,a crippled women playing a sport.,A disabled woman is participating in a sport.,entailment,entailment,A crippled woman is a disabled woman.,a crippled women playing a sport.</s>A disabled woman is participating in a sport.
151,a crippled women playing a sport.,A disabled woman is playing soccer.,neutral,entailment,A crippled woman is a disabled woman.,a crippled women playing a sport.</s>A disabled woman is playing soccer.
152,a crippled women playing a sport.,A baby yawns at his mother.,contradiction,contradiction,The crippled women is not a baby.,a crippled women playing a sport.</s>A baby yawns at his mother.
153,A smiling boy with a blue sweatshirt and camouflage shorts on a metal slide in the grass.,A smiling boy is in the grass.,entailment,contradiction,"The boy is on a slide, not in the grass.",A smiling boy with a blue sweatshirt and camouflage shorts on a metal slide in the grass.</s>A smiling boy is in the grass.
154,A smiling boy with a blue sweatshirt and camouflage shorts on a metal slide in the grass.,A sad boy is being dragged home on the sidewalk.,contradiction, ,"The boy is smiling, not sad. The boy is on a slide, not being dragged. The boy is on the grass, not on the sidewalk.",A smiling boy with a blue sweatshirt and camouflage shorts on a metal slide in the grass.</s>A sad boy is being dragged home on the sidewalk.
155,A smiling boy with a blue sweatshirt and camouflage shorts on a metal slide in the grass.,A boy is at the park.,neutral,entailment,"The boy is smiling and on a slide, which is a place where kids play.",A smiling boy with a blue sweatshirt and camouflage shorts on a metal slide in the grass.</s>A boy is at the park.
156,"A bearded man, and a girl in a red dress are getting married.",The two people are getting married.,entailment,entailment,The bearded man and the girl in a red dress are the two people.,"A bearded man, and a girl in a red dress are getting married.</s>The two people are getting married."
157,"A bearded man, and a girl in a red dress are getting married.",The two people are going to live happily ever after.,neutral,neutral,"The two people are getting married, but that doesn't mean they will live happily ever after.","A bearded man, and a girl in a red dress are getting married.</s>The two people are going to live happily ever after."
158,"A bearded man, and a girl in a red dress are getting married.",The beared man and the girl are getting a divorce.,contradiction,contradiction,"The bearded man and the girl are getting married, not divorced.","A bearded man, and a girl in a red dress are getting married.</s>The beared man and the girl are getting a divorce."
159,A man with a white hat on a scooter.,A man is on a 2 wheeler.,entailment,entailment,A scooter is a 2 wheeler.,A man with a white hat on a scooter.</s>A man is on a 2 wheeler.
160,A man with a white hat on a scooter.,The Statue of Liberty does the polka.,contradiction,contradiction,The man with a white hat on a scooter is not the Statue of Liberty.,A man with a white hat on a scooter.</s>The Statue of Liberty does the polka.
161,A man with a white hat on a scooter.,Someone is outdoors.,neutral,entailment,"The man is on a scooter, which is an outdoor vehicle.",A man with a white hat on a scooter.</s>Someone is outdoors.
162,A white British Airways plane on the airstrip.,there is a plane,entailment,entailment,British Airways is a plane company.,A white British Airways plane on the airstrip.</s>there is a plane
163,A white British Airways plane on the airstrip.,the plane is full,neutral,neutral,the plane is not necessarily full.,A white British Airways plane on the airstrip.</s>the plane is full
164,A white British Airways plane on the airstrip.,the plane is orange,contradiction,contradiction,"the plane is white, not orange",A white British Airways plane on the airstrip.</s>the plane is orange
165,People walking around on a busy sidewalk at night.,People walking around on a sidewalk at night.,entailment,entailment,Busy is a way to describe the sidewalk.,People walking around on a busy sidewalk at night.</s>People walking around on a sidewalk at night.
166,People walking around on a busy sidewalk at night.,Men walking around on a busy sidewalk at night.,neutral,entailment,People can be men.,People walking around on a busy sidewalk at night.</s>Men walking around on a busy sidewalk at night.
167,People walking around on a busy sidewalk at night.,Dogs walking around on a busy sidewalk at night.,contradiction,contradiction,People are not dogs.,People walking around on a busy sidewalk at night.</s>Dogs walking around on a busy sidewalk at night.
168,A dog carries a very big stick through the water.,the dog is carrying a branch that is bigger than him,neutral,entailment,A stick is a branch.,A dog carries a very big stick through the water.</s>the dog is carrying a branch that is bigger than him
169,A dog carries a very big stick through the water.,the dog carries the stick through water,entailment,entailment,The dog is carrying the stick through water.,A dog carries a very big stick through the water.</s>the dog carries the stick through water
170,A dog carries a very big stick through the water.,the dog is running over the field with a ball,contradiction,contradiction,"the dog is not running over the field with a ball, it is carrying a stick through the water.",A dog carries a very big stick through the water.</s>the dog is running over the field with a ball
171,The man wearing a colorful outfit is holding something in both hands and smiling for the camera.,The man is going to be in a picture.,entailment,entailment,"The man is smiling for the camera, so he is going to be in a picture.",The man wearing a colorful outfit is holding something in both hands and smiling for the camera.</s>The man is going to be in a picture.
172,The man wearing a colorful outfit is holding something in both hands and smiling for the camera.,There is a person smiling.,entailment,entailment,The man is a person.,The man wearing a colorful outfit is holding something in both hands and smiling for the camera.</s>There is a person smiling.
173,The man wearing a colorful outfit is holding something in both hands and smiling for the camera.,There is a woman taking a picture.,contradiction, ,"The man is smiling for the camera, so there must be a camera. The camera is being held by someone, so there must be a person holding the camera",The man wearing a colorful outfit is holding something in both hands and smiling for the camera.</s>There is a woman taking a picture.
174,The man wearing a colorful outfit is holding something in both hands and smiling for the camera.,Nobody had a camera.,contradiction,contradiction,The man is smiling for the camera.,The man wearing a colorful outfit is holding something in both hands and smiling for the camera.</s>Nobody had a camera.
175,The man wearing a colorful outfit is holding something in both hands and smiling for the camera.,a man is starting a forest fire,contradiction,contradiction,The man is not wearing a colorful outfit. He is not holding something in both hands. He is not smiling for the camera.,The man wearing a colorful outfit is holding something in both hands and smiling for the camera.</s>a man is starting a forest fire
176,The man wearing a colorful outfit is holding something in both hands and smiling for the camera.,A person in an outfit.,entailment,entailment,A person is a man. An outfit is colorful.,The man wearing a colorful outfit is holding something in both hands and smiling for the camera.</s>A person in an outfit.
177,The man wearing a colorful outfit is holding something in both hands and smiling for the camera.,a girl takes pictures of a sad man,contradiction,contradiction,"The man is not sad, he is smiling.",The man wearing a colorful outfit is holding something in both hands and smiling for the camera.</s>a girl takes pictures of a sad man
178,The man wearing a colorful outfit is holding something in both hands and smiling for the camera.,There is an old man holding something.,neutral,entailment,The man is old.,The man wearing a colorful outfit is holding something in both hands and smiling for the camera.</s>There is an old man holding something.
179,The man wearing a colorful outfit is holding something in both hands and smiling for the camera.,a man posing happily for the camera,entailment,neutral,The colorful outfit is not necessarily a costume.,The man wearing a colorful outfit is holding something in both hands and smiling for the camera.</s>a man posing happily for the camera
180,The man wearing a colorful outfit is holding something in both hands and smiling for the camera.,The man is asleep.,contradiction,contradiction,"The man is smiling for the camera, so he is not asleep.",The man wearing a colorful outfit is holding something in both hands and smiling for the camera.</s>The man is asleep.
181,The man wearing a colorful outfit is holding something in both hands and smiling for the camera.,The man is huge.,neutral,contradiction,The man is not huge.,The man wearing a colorful outfit is holding something in both hands and smiling for the camera.</s>The man is huge.
182,The man wearing a colorful outfit is holding something in both hands and smiling for the camera.,a man holds something and smiles,entailment,neutral,The colorful outfit is not necessary to hold something and smile.,The man wearing a colorful outfit is holding something in both hands and smiling for the camera.</s>a man holds something and smiles
183,The man wearing a colorful outfit is holding something in both hands and smiling for the camera.,The man is a clown in a picture.,neutral,entailment,The colorful outfit is a clown outfit. The man is smiling for the camera.,The man wearing a colorful outfit is holding something in both hands and smiling for the camera.</s>The man is a clown in a picture.
184,The man wearing a colorful outfit is holding something in both hands and smiling for the camera.,a man holds a prize for the camera,neutral,neutral,The colorful outfit is not necessarily a prize.,The man wearing a colorful outfit is holding something in both hands and smiling for the camera.</s>a man holds a prize for the camera
185,The man wearing a colorful outfit is holding something in both hands and smiling for the camera.,a man is posing happily for the camera on his birthday,neutral,neutral,The colorful outfit is not necessarily a birthday outfit.,The man wearing a colorful outfit is holding something in both hands and smiling for the camera.</s>a man is posing happily for the camera on his birthday
186,Children watching a man and another child in front of them.,Two kids watch a dad and his son play catch.,neutral,neutral,The man could be the father of the other child.,Children watching a man and another child in front of them.</s>Two kids watch a dad and his son play catch.
187,Children watching a man and another child in front of them.,A child watches a dad and his son play catch.,neutral,neutral,"The man could be the child's uncle, brother, or grandfather.",Children watching a man and another child in front of them.</s>A child watches a dad and his son play catch.
188,Children watching a man and another child in front of them.,Children observe other people.,entailment,entailment,Children are observing a man and another child.,Children watching a man and another child in front of them.</s>Children observe other people.
189,Ten men inspect and gather huge fishing nets on a sandy beach.,Ten men are out at sea deep-sea fishing for swordfish and tuna.,contradiction,neutral,The men are not necessarily out at sea. They could be on a lake.,Ten men inspect and gather huge fishing nets on a sandy beach.</s>Ten men are out at sea deep-sea fishing for swordfish and tuna.
190,Ten men inspect and gather huge fishing nets on a sandy beach.,Tired people inspecting,neutral,neutral,The men are not necessarily tired.,Ten men inspect and gather huge fishing nets on a sandy beach.</s>Tired people inspecting
191,Ten men inspect and gather huge fishing nets on a sandy beach.,There are huge fishing nets gathered on a beach.,entailment,entailment,"The men are gathering the nets, so they are not just inspecting them.",Ten men inspect and gather huge fishing nets on a sandy beach.</s>There are huge fishing nets gathered on a beach.
192,Ten men inspect and gather huge fishing nets on a sandy beach.,Two men inspect fishing nets on a beach.,entailment,entailment,Ten men is a subset of two men.,Ten men inspect and gather huge fishing nets on a sandy beach.</s>Two men inspect fishing nets on a beach.
193,Ten men inspect and gather huge fishing nets on a sandy beach.,Two men inspect fishing nets on a beach to catch fish to eat.,neutral,neutral,The men are not necessarily inspecting the nets to catch fish to eat.,Ten men inspect and gather huge fishing nets on a sandy beach.</s>Two men inspect fishing nets on a beach to catch fish to eat.
194,Ten men inspect and gather huge fishing nets on a sandy beach.,A group of men are working with fishing nets.,entailment,entailment,Ten men is a group of men.,Ten men inspect and gather huge fishing nets on a sandy beach.</s>A group of men are working with fishing nets.
195,Ten men inspect and gather huge fishing nets on a sandy beach.,People inspecting,entailment,entailment,The men are people.,Ten men inspect and gather huge fishing nets on a sandy beach.</s>People inspecting
196,Ten men inspect and gather huge fishing nets on a sandy beach.,An empty field.,contradiction,contradiction,"There are no men, no nets, and no beach.",Ten men inspect and gather huge fishing nets on a sandy beach.</s>An empty field.
197,Ten men inspect and gather huge fishing nets on a sandy beach.,Two women inspect fishing nets on a beach to catch fish to eat.,contradiction,neutral,The men are not necessarily women. The men are not necessarily inspecting the nets to catch fish to eat.,Ten men inspect and gather huge fishing nets on a sandy beach.</s>Two women inspect fishing nets on a beach to catch fish to eat.
198,Ten men inspect and gather huge fishing nets on a sandy beach.,The men are getting ready to go on a fishing excursion.,neutral,neutral,The men are not necessarily going on a fishing excursion.,Ten men inspect and gather huge fishing nets on a sandy beach.</s>The men are getting ready to go on a fishing excursion.
199,Ten men inspect and gather huge fishing nets on a sandy beach.,Ten men playing football on the beach.,contradiction,contradiction,The men are not playing football. They are inspecting and gathering huge fishing nets.,Ten men inspect and gather huge fishing nets on a sandy beach.</s>Ten men playing football on the beach.
